feature,importance
cat__damage_cause_misuse,0.059215747
cat__fault_category_imei_tamper,0.05869567
cat__damage_cause_manufacturing_defect,0.05230934
num__fault_to_claim_days,0.033919096
cat__damage_cause_unauthorized_repair,0.031849798
cat__product_category_Air Conditioner,0.030101225
cat__damage_cause_liquid_damage,0.027770668
cat__fault_category_software_issue,0.024625994
cat__prior_repair_authorized_False,0.022427836
cat__damage_cause_uncertain,0.021104407
cat__prior_repair_authorized_True,0.020517407
cat__damage_cause_power_surge,0.019515231
num__reporting_delay_days,0.019231135
cat__damage_cause_installation_issue,0.017702231
cat__damage_cause_authenticity_dispute,0.016741265
cat__serial_or_imei_available_True,0.015132875
num__warranty_months,0.014693378
cat__fault_category_counterfeit_dispute,0.014582876
cat__fault_category_installation_issue,0.014028583
num__policy_reporting_deadline_days,0.012729161
cat__serial_or_imei_available_False,0.010749254
cat__product_category_MiFi,0.010506814
num__document_completeness_score,0.0083382875
cat__warranty_provider_LG Electronics,0.008138061
cat__brand_LG,0.007380752
